{
  "project_info": {
    "project_number": "218587256259",
    "project_id": "personal-expense-tracker-72f4d",
    "storage_bucket": "personal-expense-tracker-72f4d.appspot.com"
  },
  "client": [
    {
      "client_info": {
        "mobilesdk_app_id": "1:218587256259:android:d527aed905165d10b01976",
        "android_client_info": {
          "package_name": "com.example.my_personalexpensetracker_application"
        }
      },
      "oauth_client": [],
      "api_key": [
        {
          "current_key": "AIzaSyBBfjxVbYD6aZJe-eODY9SHoeACSXxnAuw"
        }
      ],
      "services": {
        "appinvite_service": {
          "other_platform_oauth_client": []
        }
      }
    }
  ],
  "configuration_version": "1"
}